Date,Close,Volume
2021-11-23,488.75,28823707
2021-11-24,584.9500122070312,24383396
2021-11-25,701.9000244140625,21809915
2021-11-26,697.5999755859375,16289208
2021-11-29,641.4000244140625,6063072
2021-11-30,656.4500122070312,3917087
2021-12-01,638.0,2236135
2021-12-02,629.4500122070312,1488524
2021-12-03,638.3499755859375,2090434
2021-12-06,622.3499755859375,1144464
2021-12-07,612.4000244140625,1201508
2021-12-08,623.25,1443401
2021-12-09,633.5499877929688,1433797
2021-12-10,631.7999877929688,689699
2021-12-13,617.3499755859375,703557
2021-12-14,602.4000244140625,728478
2021-12-15,601.75,1575394
2021-12-16,591.25,668203
2021-12-17,594.2000122070312,1336781
2021-12-20,534.7999877929688,1862090
2021-12-21,490.4500122070313,4909855
2021-12-22,499.5499877929687,2173710
2021-12-23,497.2000122070313,1148343
2021-12-24,495.7000122070313,861037
2021-12-27,491.2999877929687,998528
2021-12-28,493.6000061035156,907850
2021-12-29,538.4500122070312,5065430
2021-12-30,555.75,4232834
2021-12-31,561.5499877929688,1950145
2022-01-03,555.1500244140625,871125
2022-01-04,545.1500244140625,721230
2022-01-05,552.4000244140625,1199768
2022-01-06,543.0,558769
2022-01-07,542.7999877929688,838166
2022-01-10,583.5,3455677
2022-01-11,591.2000122070312,1890161
2022-01-12,578.8499755859375,742362
2022-01-13,594.2999877929688,952650
2022-01-14,591.4000244140625,531368
2022-01-17,592.5,1599743
2022-01-18,573.4500122070312,729894
2022-01-19,563.25,623297
2022-01-20,569.9000244140625,590514
2022-01-21,551.8499755859375,559658
2022-01-24,497.2000122070313,1512175
2022-01-25,509.1000061035156,996930
2022-01-27,495.4500122070313,772061
2022-01-28,492.7999877929687,787969
2022-01-31,498.2000122070313,453741
2022-02-01,499.7999877929687,383075
2022-02-02,517.5999755859375,1678536
2022-02-03,510.75,476326
2022-02-04,506.5,300535
2022-02-07,512.2999877929688,485812
2022-02-08,512.2999877929688,710910
2022-02-09,528.0,3617693
2022-02-10,522.9500122070312,767566
2022-02-11,507.8999938964844,587579
2022-02-14,484.6000061035156,761425
2022-02-15,487.7000122070313,790357
2022-02-16,486.8999938964844,560620
2022-02-17,482.2999877929687,381534
2022-02-18,476.4500122070313,274325
2022-02-21,452.1000061035156,717838
2022-02-22,421.8500061035156,1155975
2022-02-23,424.25,645890
2022-02-24,375.0499877929687,2300890
2022-02-25,398.0499877929687,1076769
2022-02-28,409.6499938964844,866344
2022-03-02,416.0,737979
2022-03-03,417.5,541564
2022-03-04,410.2000122070313,420046
2022-03-07,405.8999938964844,575784
2022-03-08,405.6499938964844,516751
2022-03-09,417.6000061035156,627941
2022-03-10,422.25,734088
2022-03-11,418.7999877929687,504451
2022-03-14,435.75,1183849
2022-03-15,417.8500061035156,797395
2022-03-16,425.3500061035156,604090
2022-03-17,431.7000122070313,962338
2022-03-21,432.0,601747
2022-03-22,427.6499938964844,445305
2022-03-23,424.9500122070313,446735
2022-03-24,422.4500122070313,344783
2022-03-25,414.2999877929687,432638
2022-03-28,400.6000061035156,737569
2022-03-29,430.1000061035156,2060828
2022-03-30,434.25,1737969
2022-03-31,422.75,651191
2022-04-01,442.5499877929687,1142857
2022-04-04,450.2999877929687,991485
2022-04-05,515.7000122070312,8340210
2022-04-06,527.25,4322907
2022-04-07,503.25,1851635
2022-04-08,506.7000122070313,910824
2022-04-11,512.1500244140625,1094979
2022-04-12,490.8500061035156,1013406
2022-04-13,496.0,709306
2022-04-18,479.0,588466
2022-04-19,460.5499877929687,551853
2022-04-20,468.0499877929687,619530
2022-04-21,466.7999877929687,384131
2022-04-22,462.4500122070313,347727
2022-04-25,455.8999938964844,475867
2022-04-26,449.75,343218
2022-04-27,440.8999938964844,319981
2022-04-28,452.7999877929687,669902
2022-04-29,442.2000122070313,385338
2022-05-02,434.5,251633
2022-05-04,427.5499877929687,404657
2022-05-05,418.3999938964844,276933
2022-05-06,410.6499938964844,353224
2022-05-09,408.2999877929687,382319
2022-05-10,401.0499877929687,279838
2022-05-11,387.8999938964844,661429
2022-05-12,393.7000122070313,537671
2022-05-13,388.5,453070
2022-05-16,389.0,479475
2022-05-17,412.8500061035156,786723
2022-05-18,420.8500061035156,683695
2022-05-19,397.1000061035156,454321
2022-05-20,407.0,387248
2022-05-23,404.7999877929687,262596
2022-05-24,407.4500122070313,555620
2022-05-25,389.25,732005
2022-05-26,388.6499938964844,574507
2022-05-27,391.0,505657
2022-05-30,394.1000061035156,632458
2022-05-31,400.75,1067813
2022-06-01,398.0,1009695
2022-06-02,394.7000122070313,452730
2022-06-03,390.1000061035156,589622
2022-06-06,381.7999877929687,409316
2022-06-07,375.1499938964844,461638
2022-06-08,370.2000122070313,559162
2022-06-09,369.9500122070313,384488
2022-06-10,365.1499938964844,371331
2022-06-13,348.70001220703125,480521
2022-06-14,345.6499938964844,614875
2022-06-15,346.79998779296875,188505
2022-06-16,333.45001220703125,437663
2022-06-17,326.5,427943
2022-06-20,309.5,555174
2022-06-21,318.1499938964844,548694
2022-06-22,315.5,362773
2022-06-23,319.3500061035156,323148
2022-06-24,334.54998779296875,1090995
2022-06-27,337.0,454451
2022-06-28,341.20001220703125,338414
2022-06-29,337.1499938964844,252622
2022-06-30,333.95001220703125,231369
2022-07-01,334.5,212311
2022-07-04,339.04998779296875,220149
2022-07-05,340.04998779296875,356661
2022-07-06,341.75,185978
2022-07-07,352.79998779296875,560037
2022-07-08,365.5,580000
2022-07-11,358.04998779296875,260083
2022-07-12,352.3999938964844,191966
2022-07-13,347.1499938964844,189631
2022-07-14,335.8999938964844,264190
2022-07-15,351.20001220703125,2112911
2022-07-18,369.4500122070313,1026785
2022-07-19,364.0499877929687,448212
2022-07-20,369.0,675933
2022-07-21,369.1499938964844,362323
2022-07-22,372.0499877929687,381777
2022-07-25,367.9500122070313,214658
2022-07-26,354.70001220703125,268909
2022-07-27,380.25,931040
2022-07-28,371.75,740779
2022-07-29,372.0,506805
2022-08-01,370.9500122070313,337662
2022-08-02,373.25,514473
2022-08-03,368.8500061035156,249652
2022-08-04,369.1499938964844,404227
2022-08-05,370.1499938964844,227846
2022-08-08,367.3500061035156,182933
2022-08-10,363.6499938964844,145316
2022-08-11,362.5499877929687,307729
2022-08-12,358.3999938964844,208189
2022-08-16,360.3500061035156,265949
2022-08-17,377.1000061035156,1665281
2022-08-18,388.75,1270561
2022-08-19,389.5,1327123
2022-08-22,374.5499877929687,399320
2022-08-23,374.9500122070313,374833
2022-08-24,376.1000061035156,238736
2022-08-25,375.4500122070313,247146
2022-08-26,373.8500061035156,222772
2022-08-29,364.2999877929687,345931
2022-08-30,368.25,218538
2022-09-01,390.7999877929687,1425591
2022-09-02,388.5499877929687,623755
2022-09-05,382.1499938964844,302100
2022-09-06,378.1499938964844,276246
2022-09-07,379.0499877929687,301859
2022-09-08,384.7000122070313,332383
2022-09-09,403.2999877929687,1487012
2022-09-12,412.5499877929687,1868815
2022-09-13,409.8999938964844,753120
2022-09-14,399.9500122070313,477354
2022-09-15,394.6499938964844,335308
2022-09-16,386.6000061035156,409314
2022-09-19,387.4500122070313,379217
2022-09-20,389.1499938964844,268172
2022-09-21,380.7000122070313,244066
2022-09-22,391.75,553405
2022-09-23,381.5499877929687,235107
2022-09-26,361.1000061035156,411512
2022-09-27,356.29998779296875,297108
2022-09-28,350.79998779296875,336265
2022-09-29,356.29998779296875,200767
2022-09-30,357.29998779296875,215594
2022-10-03,352.1000061035156,198424
2022-10-04,358.70001220703125,173876
2022-10-06,369.0,258872
2022-10-07,369.3999938964844,153742
2022-10-10,364.9500122070313,115400
2022-10-11,355.79998779296875,214048
2022-10-12,356.6499938964844,119898
2022-10-13,353.25,102398
2022-10-14,362.6000061035156,216240
2022-10-17,353.0,192699
2022-10-18,359.54998779296875,167341
2022-10-19,354.95001220703125,110035
2022-10-20,354.5,142780
2022-10-21,355.3999938964844,171862
2022-10-24,360.20001220703125,60430
2022-10-25,378.5,832003
2022-10-27,389.5499877929687,787130
2022-10-28,400.1499938964844,2104624
2022-10-31,392.6499938964844,424918
2022-11-01,389.9500122070313,362151
2022-11-02,396.0,403438
2022-11-03,390.3500061035156,150674
2022-11-04,391.3999938964844,276723
2022-11-07,386.5499877929687,214735
2022-11-09,380.9500122070313,192608
2022-11-10,374.75,153446
2022-11-11,388.0,326233
2022-11-14,388.8500061035156,189711
2022-11-15,395.2999877929687,779292
2022-11-16,380.7999877929687,453910
2022-11-17,376.2999877929687,275519
2022-11-18,379.2000122070313,153598
2022-11-21,373.4500122070313,126422
2022-11-22,380.6000061035156,348393
2022-11-23,374.0499877929687,193413
2022-11-24,376.0499877929687,218809
2022-11-25,377.0499877929687,219313
2022-11-28,377.1499938964844,249108
2022-11-29,374.2000122070313,161705
2022-11-30,373.9500122070313,864623
2022-12-01,375.7000122070313,604861
2022-12-02,374.6000061035156,261774
2022-12-05,370.2000122070313,332450
2022-12-06,362.75,359963
2022-12-07,358.8500061035156,419593
2022-12-08,360.6499938964844,249628
2022-12-09,354.95001220703125,488892
2022-12-12,353.6000061035156,202700
2022-12-13,352.8500061035156,330663
2022-12-14,352.3500061035156,381430
2022-12-15,350.70001220703125,253236
2022-12-16,347.1000061035156,230067
2022-12-19,342.75,237084
2022-12-20,348.45001220703125,376104
2022-12-21,340.45001220703125,299848
2022-12-22,332.0,271270
2022-12-23,345.3500061035156,674625
2022-12-26,362.1000061035156,1061211
2022-12-27,365.8500061035156,612175
2022-12-28,371.6000061035156,490370
2022-12-29,370.6499938964844,261616
2022-12-30,371.2000122070313,303351
2023-01-02,369.7999877929687,150509
2023-01-03,370.4500122070313,168473
2023-01-04,366.25,130601
2023-01-05,374.5499877929687,322099
2023-01-06,372.2999877929687,487135
2023-01-09,372.3999938964844,184752
2023-01-10,370.2000122070313,125801
2023-01-11,368.2000122070313,128523
2023-01-12,368.75,143839
2023-01-13,366.7999877929687,120696
2023-01-16,370.6000061035156,132524
2023-01-17,370.0,161062
2023-01-18,367.5499877929687,105120
2023-01-19,366.9500122070313,112756
2023-01-20,373.9500122070313,326741
2023-01-23,383.2000122070313,870124
2023-01-24,376.5499877929687,900954
2023-01-25,371.0499877929687,420425
2023-01-27,369.9500122070313,461981
2023-01-30,372.25,317435
2023-01-31,369.0499877929687,179916
2023-02-01,363.1499938964844,396556
2023-02-02,359.3999938964844,159350
2023-02-03,358.1499938964844,200131
2023-02-06,364.7000122070313,224580
2023-02-07,360.5499877929687,182472
2023-02-08,361.0499877929687,138288
2023-02-09,369.7999877929687,538115
2023-02-10,364.2000122070313,126383
2023-02-13,363.7000122070313,145035
2023-02-14,362.7000122070313,145210
2023-02-15,360.5,114443
2023-02-16,359.75,157801
2023-02-17,356.95001220703125,109061
2023-02-20,357.04998779296875,218812
2023-02-21,358.1000061035156,139460
2023-02-22,353.3500061035156,186434
2023-02-23,351.6499938964844,115774
2023-02-24,350.1499938964844,120487
2023-02-27,347.6000061035156,140754
2023-02-28,346.1499938964844,104556
2023-03-01,346.25,119463
2023-03-02,344.3500061035156,102957
2023-03-03,357.0,507204
2023-03-06,362.4500122070313,316907
2023-03-08,358.3500061035156,110786
2023-03-09,354.6499938964844,92025
2023-03-10,347.45001220703125,119274
2023-03-13,339.1000061035156,265973
2023-03-14,331.6499938964844,315149
2023-03-15,329.1499938964844,204340
2023-03-16,325.3999938964844,182935
2023-03-17,331.54998779296875,264041
2023-03-20,347.04998779296875,682954
2023-03-21,355.3500061035156,665097
2023-03-22,350.70001220703125,224268
2023-03-23,342.5,226865
2023-03-24,330.0,246196
2023-03-27,318.5,319524
2023-03-28,315.6000061035156,519571
2023-03-29,317.25,339347
2023-03-31,321.1000061035156,366399
2023-04-03,333.79998779296875,241932
2023-04-05,342.54998779296875,256324
2023-04-06,338.6499938964844,117008
2023-04-10,342.79998779296875,184391
2023-04-11,350.79998779296875,253866
2023-04-12,358.6000061035156,466245
2023-04-13,367.3999938964844,539297
2023-04-17,357.8999938964844,269022
2023-04-18,351.54998779296875,185476
2023-04-19,355.45001220703125,122881
2023-04-20,349.3500061035156,104204
2023-04-21,352.75,173208
2023-04-24,350.29998779296875,133634
2023-04-25,351.79998779296875,126214
2023-04-26,352.1000061035156,120960
2023-04-27,358.54998779296875,340954
2023-04-28,360.3999938964844,151617
2023-05-02,360.04998779296875,212057
2023-05-03,358.29998779296875,187856
2023-05-04,367.6499938964844,1065921
2023-05-05,369.5,282981
2023-05-08,366.1000061035156,316519
2023-05-09,373.25,593912
2023-05-10,335.20001220703125,4603520
2023-05-11,338.0,765659
2023-05-12,333.1000061035156,319581
2023-05-15,331.5,233548
2023-05-16,331.25,210756
2023-05-17,324.04998779296875,385063
2023-05-18,325.04998779296875,197569
2023-05-19,326.54998779296875,342053
2023-05-22,326.54998779296875,274374
2023-05-23,327.29998779296875,296394
2023-05-24,324.45001220703125,173582
2023-05-25,325.20001220703125,161464
2023-05-26,330.75,393566
2023-05-29,327.95001220703125,224709
2023-05-30,326.8999938964844,275331
2023-05-31,337.45001220703125,1054478
2023-06-01,335.0,423091
2023-06-02,335.79998779296875,411885
2023-06-05,339.1000061035156,411515
2023-06-06,347.04998779296875,1263640
2023-06-07,345.70001220703125,450910
2023-06-08,337.75,336382
2023-06-09,339.0,411223
2023-06-12,335.1499938964844,228859
2023-06-13,334.29998779296875,295101
2023-06-14,332.75,280869
2023-06-15,340.5,1084625
2023-06-16,342.0,610577
2023-06-19,351.20001220703125,1046967
2023-06-20,346.75,576542
2023-06-21,361.6000061035156,1846617
2023-06-22,353.8500061035156,996928
2023-06-23,343.8500061035156,435306
2023-06-26,349.70001220703125,432278
2023-06-27,349.1499938964844,242161
2023-06-28,346.5,273182
2023-06-30,351.6499938964844,400165
2023-07-03,374.8999938964844,3398302
2023-07-04,373.0499877929687,1085964
2023-07-05,380.4500122070313,1853717
2023-07-06,380.1499938964844,896698
2023-07-07,369.5,557998
2023-07-10,369.4500122070313,421444
2023-07-11,369.8500061035156,275654
2023-07-12,364.9500122070313,449596
2023-07-13,358.54998779296875,470743
2023-07-14,370.0499877929687,856444
2023-07-17,390.3999938964844,5197114
2023-07-18,382.8999938964844,878325
2023-07-19,383.0,738130
2023-07-20,387.8500061035156,1010473
2023-07-21,381.0499877929687,499164
2023-07-24,377.5,346760
2023-07-25,375.0,347640
2023-07-26,373.2999877929687,325894
2023-07-27,365.7999877929687,1018960
2023-07-28,378.3500061035156,926789
2023-07-31,379.5499877929687,538679
2023-08-01,384.6499938964844,740606
2023-08-02,375.2000122070313,553154
2023-08-03,381.1000061035156,342128
2023-08-04,381.5499877929687,319555
2023-08-07,374.25,350635
2023-08-08,379.9500122070313,552445
2023-08-09,401.25,4677232
2023-08-10,395.8999938964844,3605601
2023-08-11,393.9500122070313,1319152
2023-08-14,387.8999938964844,521808
2023-08-16,404.0,2661312
2023-08-17,432.75,5674371
2023-08-18,425.4500122070313,2174874
2023-08-21,437.4500122070313,2875274
2023-08-22,436.0499877929687,1916945
2023-08-23,424.75,1227698
2023-08-24,436.5,2227235
2023-08-25,431.1000061035156,975029
2023-08-28,422.8999938964844,669768
2023-08-29,418.75,918377
2023-08-30,425.1000061035156,911227
2023-08-31,426.0,967740
2023-09-01,455.1499938964844,4908267
2023-09-04,455.5,1973358
2023-09-05,455.3999938964844,1600360
2023-09-06,460.2999877929687,1269931
2023-09-07,455.75,686361
2023-09-08,457.8500061035156,773948
2023-09-11,454.7999877929687,650993
2023-09-12,420.6499938964844,1808031
2023-09-13,425.3999938964844,1227029
2023-09-14,426.8999938964844,860151
2023-09-15,427.2999877929687,570501
2023-09-18,423.4500122070313,343160
2023-09-20,419.75,511184
2023-09-21,413.8500061035156,440471
2023-09-22,417.25,566470
2023-09-25,413.0,304137
2023-09-26,411.9500122070313,246486
2023-09-27,413.3500061035156,286945
2023-09-28,409.8500061035156,321405
2023-09-29,410.7000122070313,292998
2023-10-03,402.4500122070313,409508
2023-10-04,396.1000061035156,350005
2023-10-05,412.3999938964844,552271
2023-10-06,408.25,262091
2023-10-09,396.4500122070313,302996
2023-10-10,410.5,896621
2023-10-11,413.4500122070313,369123
2023-10-12,415.1499938964844,289012
2023-10-13,408.5,217802
2023-10-16,410.25,475062
2023-10-17,431.9500122070313,2112710
2023-10-18,431.6000061035156,1218234
2023-10-19,436.4500122070313,742789
2023-10-20,431.75,457323
2023-10-23,409.8500061035156,759145
2023-10-25,409.75,585094
2023-10-26,412.75,477613
2023-10-27,425.9500122070313,561761
2023-10-30,414.25,720915
2023-10-31,398.1499938964844,1348869
2023-11-01,400.6499938964844,884119
2023-11-02,403.0499877929687,871359
2023-11-03,410.4500122070313,512071
2023-11-06,409.8500061035156,472723
2023-11-07,411.8999938964844,416243
2023-11-08,411.8500061035156,287861
2023-11-09,410.3999938964844,251907
2023-11-10,409.3999938964844,339089
2023-11-13,409.9500122070313,356719
2023-11-15,412.4500122070313,397798
2023-11-16,413.2000122070313,505368
2023-11-17,412.3500061035156,483179
2023-11-20,450.5,6141118
2023-11-21,463.8999938964844,11825270
2023-11-22,462.8999938964844,2828520
2023-11-23,458.1499938964844,1053397
2023-11-24,467.9500122070313,1512721
2023-11-28,479.25,2144559
2023-11-29,476.3500061035156,1883081
2023-11-30,491.1000061035156,4855308
2023-12-01,489.4500122070313,1612766
2023-12-04,490.5,1290934
2023-12-05,478.75,1077390
2023-12-06,478.8500061035156,903512
2023-12-07,472.8999938964844,809160
2023-12-08,469.6000061035156,725399
2023-12-11,465.0,512586
2023-12-12,453.6499938964844,807263
2023-12-13,456.3999938964844,991453
2023-12-14,471.0499877929687,1198860
2023-12-15,477.9500122070313,1134487
2023-12-18,473.0499877929687,508052
2023-12-19,469.3999938964844,407036
2023-12-20,455.9500122070313,2092202
2023-12-21,458.2000122070313,1271369
2023-12-22,457.2999877929687,848138
2023-12-26,454.1499938964844,1032579
2023-12-27,453.1000061035156,707922
2023-12-28,452.1499938964844,580351
2023-12-29,455.0499877929687,502169
2024-01-01,455.4500122070313,386502
2024-01-02,454.7000122070313,449051
2024-01-03,455.6499938964844,588636
2024-01-04,453.75,518162
2024-01-05,450.5,644252
2024-01-08,444.75,512875
2024-01-09,466.1499938964844,2500184
2024-01-10,463.25,841590
2024-01-11,461.2000122070313,408061
2024-01-12,464.9500122070313,1405829
2024-01-15,464.9500122070313,0
2024-01-16,470.7999877929687,997476
2024-01-17,463.9500122070313,672839
2024-01-18,461.8999938964844,487704
2024-01-19,473.8999938964844,1259970
2024-01-23,450.7999877929687,712698
2024-01-24,451.6000061035156,490355
2024-01-25,452.9500122070313,343259
2024-01-29,473.9500122070313,3962652
2024-01-30,475.0,1168068
2024-01-31,470.5499877929687,625115
2024-02-01,462.2000122070313,385197
2024-02-02,485.4500122070313,2641395
2024-02-05,490.2000122070313,1622653
2024-02-06,523.9500122070312,7507389
2024-02-07,536.5999755859375,4291268
2024-02-08,521.0499877929688,1273944
2024-02-09,507.8500061035156,947705
2024-02-12,512.7999877929688,1900752
2024-02-13,511.7000122070313,921713
2024-02-14,521.0999755859375,1085999
2024-02-15,522.5499877929688,695355
2024-02-16,512.8499755859375,574358
2024-02-19,522.5999755859375,550658
2024-02-20,514.4500122070312,481807
2024-02-21,501.8500061035156,428900
2024-02-22,508.8999938964844,422800
2024-02-23,514.8499755859375,944648
2024-02-26,522.9500122070312,684979
2024-02-27,523.0499877929688,1290847
2024-02-28,506.1000061035156,795654
2024-02-29,509.75,577675
2024-03-01,516.4500122070312,683886
2024-03-04,516.5999755859375,248555
2024-03-05,505.8500061035156,493673
2024-03-06,498.9500122070313,697319
2024-03-07,494.6000061035156,321292
2024-03-11,477.1499938964844,626679
2024-03-12,474.7000122070313,741545
2024-03-13,443.5499877929687,1178506
2024-03-14,450.5,1030127
2024-03-15,449.75,578415
2024-03-18,439.75,642635
2024-03-19,439.9500122070313,755167
2024-03-20,446.7999877929687,515255
2024-03-21,465.25,737242
2024-03-22,467.7999877929687,469020
2024-03-26,454.3999938964844,661059
2024-03-27,462.1000061035156,795061
2024-03-28,507.75,7087750
2024-04-01,522.5,1869290
2024-04-02,534.7999877929688,2812724
2024-04-03,540.0,2050097
2024-04-04,541.9000244140625,886074
2024-04-05,549.75,2053518
2024-04-08,557.9000244140625,1659396
2024-04-09,544.0999755859375,590531
2024-04-10,553.6500244140625,914382
2024-04-12,540.3499755859375,533986
2024-04-15,523.9500122070312,676952
2024-04-16,527.4500122070312,539308
2024-04-18,515.8499755859375,453571
2024-04-19,506.8999938964844,1033994
2024-04-22,515.5,462919
2024-04-23,501.1000061035156,354460
2024-04-24,504.6499938964844,174568
2024-04-25,501.25,151740
2024-04-26,496.3500061035156,211281
2024-04-29,496.0,273176
2024-04-30,498.25,94141
2024-05-02,499.4500122070313,145996
2024-05-03,494.9500122070313,178058
2024-05-06,481.0499877929687,156901
2024-05-07,473.2000122070313,177569
2024-05-08,481.3999938964844,358664
2024-05-09,466.75,169669
2024-05-10,473.3999938964844,148851
2024-05-13,459.4500122070313,296332
2024-05-14,468.2000122070313,185966
2024-05-15,472.2999877929687,154359
2024-05-16,466.8999938964844,115876
2024-05-17,483.0,219452
2024-05-21,483.2999877929687,124009
2024-05-22,481.6499938964844,91022
2024-05-23,497.3999938964844,470038
2024-05-24,488.5499877929687,299910
2024-05-27,477.5,161144
2024-05-28,475.1499938964844,91851
2024-05-29,471.6499938964844,101559
2024-05-30,467.7000122070313,131360
2024-05-31,476.2999877929687,416620
2024-06-03,476.3500061035156,145392
2024-06-04,461.0499877929687,385510
2024-06-05,472.5,188441
2024-06-06,496.1000061035156,373863
2024-06-07,514.2000122070312,499371
2024-06-10,512.0999755859375,247481
2024-06-11,506.1000061035156,186737
2024-06-12,517.6500244140625,348996
2024-06-13,512.4000244140625,203137
2024-06-14,506.6000061035156,170654
2024-06-18,496.4500122070313,204824
2024-06-19,495.75,127130
2024-06-20,502.0499877929687,171036
2024-06-21,517.5999755859375,481286
2024-06-24,514.0999755859375,174792
2024-06-25,502.2999877929687,178348
2024-06-26,508.0499877929687,149390
2024-06-27,499.2000122070313,210658
2024-06-28,501.2999877929687,141915
2024-07-01,507.75,190805
2024-07-02,506.9500122070313,140067
2024-07-03,503.3999938964844,93925
2024-07-04,505.0499877929687,149870
2024-07-05,519.0,341805
2024-07-08,510.25,353262
2024-07-09,530.4500122070312,495075
2024-07-10,519.6500244140625,397711
2024-07-11,529.4500122070312,324011
2024-07-12,535.9000244140625,401390
2024-07-15,559.7000122070312,1111030
2024-07-16,557.5,1553185
2024-07-18,539.7000122070312,552960
2024-07-19,521.0499877929688,373530
2024-07-22,534.5,404686
2024-07-23,524.0,360748
2024-07-24,532.2999877929688,208483
2024-07-25,528.9500122070312,295164
2024-07-26,542.8499755859375,927711
2024-07-29,521.1500244140625,887440
2024-07-30,521.0499877929688,278727
2024-07-31,514.2999877929688,235215
2024-08-01,509.5499877929687,317280
2024-08-02,509.3500061035156,344268
2024-08-05,484.0499877929687,556979
2024-08-06,485.1499938964844,1038463
2024-08-07,493.4500122070313,179171
2024-08-08,489.8500061035156,159798
2024-08-09,492.0499877929687,169506
2024-08-12,492.5499877929687,188940
2024-08-13,473.3500061035156,550437
2024-08-14,487.3500061035156,327476
2024-08-16,495.0,370494
2024-08-19,494.7000122070313,151751
2024-08-20,501.0499877929687,325740
2024-08-21,499.1000061035156,566348
2024-08-22,510.8999938964844,953675
2024-08-23,504.4500122070313,265609
2024-08-26,497.0,309876
2024-08-27,494.6000061035156,244886
2024-08-28,492.4500122070313,343664
2024-08-29,488.6000061035156,383088
2024-08-30,483.4500122070313,218039
2024-09-02,475.8500061035156,398620
2024-09-03,481.0499877929687,491625
2024-09-04,475.25,237952
2024-09-05,475.3999938964844,255643
2024-09-06,472.3999938964844,550305
2024-09-09,463.75,433835
2024-09-10,492.9500122070313,1185370
2024-09-11,483.5,289453
2024-09-12,488.7999877929687,480367
2024-09-13,486.5499877929687,313169
2024-09-16,481.5,182747
2024-09-17,492.1000061035156,481864
2024-09-18,482.1000061035156,263227
2024-09-19,478.4500122070313,360110
2024-09-20,477.4500122070313,198923
2024-09-23,481.7999877929687,212176
2024-09-24,483.8500061035156,435091
2024-09-25,478.1000061035156,210790
2024-09-26,475.1499938964844,146171
2024-09-27,475.3500061035156,473490
2024-09-30,473.25,320911
2024-10-01,475.0499877929687,137654
2024-10-03,463.1000061035156,253352
2024-10-04,460.2999877929687,200281
2024-10-07,456.25,306834
2024-10-08,460.8500061035156,211310
2024-10-09,470.2999877929687,215517
2024-10-10,467.75,163464
2024-10-11,461.0499877929687,129491
2024-10-14,459.0499877929687,101849
2024-10-15,461.9500122070313,110152
2024-10-16,470.4500122070313,261254
2024-10-17,484.7000122070313,1642123
2024-10-18,486.4500122070313,716191
2024-10-21,478.8500061035156,247892
2024-10-22,457.2999877929687,309790
2024-10-23,457.1000061035156,174212
2024-10-24,442.9500122070313,282087
2024-10-25,444.75,313913
2024-10-28,443.1000061035156,204715
2024-10-29,451.0499877929687,225739
2024-10-30,453.1000061035156,167767
2024-10-31,458.25,114653
2024-11-01,461.7000122070313,45384
2024-11-04,455.1000061035156,110747
2024-11-05,455.75,75138
2024-11-06,469.0499877929687,181821
2024-11-07,467.3500061035156,133978
2024-11-08,496.25,3642213
2024-11-11,486.2999877929687,607478
2024-11-12,476.5499877929687,377256
2024-11-13,465.1499938964844,363357
2024-11-14,456.3999938964844,224377
2024-11-18,454.5499877929687,267876
2024-11-19,446.3999938964844,265317
2024-11-21,435.6499938964844,312225
2024-11-22,445.8999938964844,223429
2024-11-25,444.3999938964844,244077
2024-11-26,445.75,238867
2024-11-27,453.0,255440
2024-11-28,450.6000061035156,205319
2024-11-29,447.8999938964844,133274
2024-12-02,453.1000061035156,232297
2024-12-03,470.1000061035156,513979
2024-12-04,482.2999877929687,545923
2024-12-05,478.3999938964844,373354
2024-12-06,471.7999877929687,278997
2024-12-09,482.5,674758
2024-12-10,494.8500061035156,969656
2024-12-11,516.25,2827430
2024-12-12,508.5499877929687,695397
2024-12-13,505.75,579106
2024-12-16,501.3999938964844,333399
2024-12-17,494.7000122070313,294189
2024-12-18,486.2000122070313,252363
2024-12-19,486.8500061035156,377732
2024-12-20,474.8999938964844,475465
2024-12-23,466.5,359644
2024-12-24,471.5499877929687,256493
2024-12-26,470.4500122070313,154735
2024-12-27,483.2999877929687,413570
2024-12-30,463.5,262962
2024-12-31,489.5,1112682
2025-01-01,488.6000061035156,237587
2025-01-02,494.9500122070313,344243
2025-01-03,501.3999938964844,642713
2025-01-06,483.2999877929687,568166
2025-01-07,490.0499877929687,293502
2025-01-08,480.0499877929687,231558
2025-01-09,470.5499877929687,167004
2025-01-10,455.5499877929687,343199
2025-01-13,438.2999877929687,324538
2025-01-14,444.8500061035156,189404
2025-01-15,451.25,224779
2025-01-16,452.0,274838
2025-01-17,449.75,118216
2025-01-20,458.5499877929687,243804
2025-01-21,452.5499877929687,147460
2025-01-22,451.3500061035156,260664
2025-01-23,450.9500122070313,148962
2025-01-24,432.25,297503
2025-01-27,409.6000061035156,487647
2025-01-28,416.2000122070313,329336
2025-01-29,429.9500122070313,179541
2025-01-30,429.8999938964844,116534
2025-01-31,438.1499938964844,128751
2025-02-01,438.7000122070313,92912
2025-02-03,428.6499938964844,150451
2025-02-04,451.6000061035156,286748
2025-02-05,458.2000122070313,248158
2025-02-06,461.0499877929687,134639
2025-02-07,448.3999938964844,340347
2025-02-10,451.4500122070313,287772
2025-02-11,425.5,885088
2025-02-12,410.9500122070313,421391
2025-02-13,415.9500122070313,231697
2025-02-14,404.25,341518
2025-02-17,400.8500061035156,239311
2025-02-18,396.8500061035156,165081
2025-02-19,400.0499877929687,216372
2025-02-20,406.3500061035156,111279
2025-02-21,402.3999938964844,154899
2025-02-24,391.1499938964844,280737
2025-02-25,389.9500122070313,221488
2025-02-27,379.1499938964844,313443
2025-02-28,383.25,390639
2025-03-03,362.6499938964844,323807
2025-03-04,374.5499877929687,345138
2025-03-05,385.7000122070313,251454
2025-03-06,382.8999938964844,308952
2025-03-07,385.1499938964844,196705
2025-03-10,363.9500122070313,393031
2025-03-11,357.79998779296875,346211
2025-03-12,350.45001220703125,390488
2025-03-13,350.5,395471
2025-03-17,347.6000061035156,486656
2025-03-18,347.6000061035156,0
2025-03-19,372.8500061035156,347313
2025-03-20,372.25,293779
2025-03-21,381.5,303673
2025-03-24,376.6000061035156,396326
2025-03-25,360.2999877929687,987132
2025-03-26,359.8999938964844,804131
2025-03-27,363.9500122070313,485024
2025-03-28,367.5499877929687,508100
2025-04-01,371.2000122070313,311740
2025-04-02,373.0,120760
2025-04-03,375.4500122070313,186470
2025-04-04,364.2999877929687,646310
2025-04-07,352.04998779296875,441369
2025-04-08,359.3500061035156,285352
2025-04-09,361.6000061035156,98761
2025-04-11,379.8999938964844,349388
2025-04-15,386.75,229452
2025-04-16,383.2000122070313,120698
2025-04-17,393.3500061035156,295084
2025-04-21,395.1000061035156,170177
2025-04-22,392.25,187680
2025-04-23,420.5,5880249
2025-04-24,420.1000061035156,650342
2025-04-25,402.8999938964844,398147
2025-04-28,405.6000061035156,232377
2025-04-29,401.5,128070
2025-04-30,393.25,233658
2025-05-02,406.5499877929687,946051
2025-05-05,399.25,617163
2025-05-06,388.6499938964844,814244
2025-05-07,398.7999877929687,218596
2025-05-08,400.7000122070313,563565
2025-05-09,412.4500122070313,745783
2025-05-12,424.3999938964844,801731
2025-05-13,422.0499877929687,421077
2025-05-14,420.2000122070313,234689
2025-05-15,423.4500122070313,228574
2025-05-16,422.8500061035156,164427
2025-05-19,419.4500122070313,254493
2025-05-20,410.5499877929687,230131
2025-05-21,407.75,175221
2025-05-22,409.7999877929687,187205
2025-05-23,416.7999877929687,195650
2025-05-26,418.6000061035156,131966
2025-05-27,419.7999877929687,286532
2025-05-28,420.2999877929687,166976
2025-05-29,420.4500122070313,201312
2025-05-30,416.0499877929687,182014
2025-06-02,416.6000061035156,137132
2025-06-03,415.1499938964844,135796
2025-06-04,410.3999938964844,120493
2025-06-05,409.2000122070313,108160
2025-06-06,409.3999938964844,131045
2025-06-09,415.25,171373
2025-06-10,412.2000122070313,110934
2025-06-11,415.1000061035156,546311
2025-06-12,405.6499938964844,254890
2025-06-13,398.2000122070313,239155
2025-06-16,400.3500061035156,152699
2025-06-17,404.1000061035156,5903579
2025-06-18,407.2000122070313,336378
2025-06-19,400.0,315447
2025-06-20,402.1499938964844,207453
2025-06-23,407.75,208682
2025-06-24,406.0,190356
2025-06-25,412.6499938964844,361325
2025-06-26,407.8999938964844,164236
2025-06-27,410.7000122070313,185347
2025-06-30,411.5,194675
2025-07-01,410.1000061035156,207426
2025-07-02,425.0,2589353
2025-07-03,446.7000122070313,2825908
2025-07-04,444.4500122070313,788557
2025-07-07,443.4500122070313,380081
2025-07-08,446.3500061035156,287205
2025-07-09,441.8999938964844,359447
2025-07-10,439.4500122070313,317628
2025-07-11,432.2000122070313,176174
2025-07-14,428.0499877929687,246540
2025-07-15,432.5,223480
2025-07-16,430.6000061035156,136610
2025-07-17,434.7999877929687,126463
2025-07-18,439.9500122070313,288360
2025-07-21,432.4500122070313,1649248
2025-07-22,445.0,4917627
2025-07-23,448.5499877929687,543180
2025-07-24,429.7999877929687,490314
2025-07-25,412.6499938964844,382428
2025-07-28,408.6000061035156,245359
2025-07-29,416.7000122070313,241005
2025-07-30,410.6000061035156,105767
2025-07-31,410.0,127775
2025-08-01,401.6499938964844,111304
2025-08-04,408.6000061035156,153769
2025-08-05,406.75,59511
2025-08-06,404.7999877929687,79961
2025-08-07,398.4500122070313,129481
2025-08-08,394.6499938964844,82739
2025-08-11,388.6499938964844,146125
2025-08-12,397.3500061035156,120963
2025-08-13,399.5,101834
2025-08-14,398.7999877929687,324619
2025-08-18,399.1000061035156,102900
2025-08-19,407.8500061035156,105559
2025-08-20,427.3500061035156,1765561
2025-08-21,426.2999877929687,365151
2025-08-22,419.8999938964844,292802
2025-08-25,424.4500122070313,524951
2025-08-26,424.8999938964844,323039
2025-08-28,419.7999877929687,1092976
2025-08-29,415.4500122070313,212121
2025-09-01,412.7000122070313,226430
2025-09-02,414.2000122070313,82412
2025-09-03,424.8999938964844,199340
2025-09-04,429.0499877929687,271900
2025-09-05,429.0499877929687,143779
2025-09-08,428.25,164695
2025-09-09,422.8500061035156,99702
2025-09-10,425.0499877929687,198628
2025-09-11,420.75,124683
2025-09-12,417.1000061035156,97438
2025-09-15,417.8500061035156,118883
2025-09-16,416.6000061035156,90506
2025-09-17,417.0,171464
2025-09-18,427.9500122070313,548444
2025-09-19,424.6000061035156,176265
2025-09-22,416.0499877929687,202094
2025-09-23,408.75,206479
2025-09-24,404.8999938964844,177399
2025-09-25,408.0,169353
2025-09-26,405.8500061035156,218258
2025-09-29,402.0,135418
2025-09-30,408.4500122070313,362566
2025-10-01,412.4500122070313,95919
2025-10-03,415.7000122070313,135256
2025-10-06,423.8500061035156,451162
2025-10-07,422.1499938964844,185247
2025-10-08,425.3999938964844,162156
2025-10-09,427.2000122070313,554682
2025-10-10,439.75,501859
2025-10-13,433.9500122070313,244400
2025-10-14,429.7000122070313,204912
2025-10-15,429.4500122070313,270940
2025-10-16,435.75,223524
2025-10-17,427.9500122070313,218156
2025-10-20,429.9500122070313,187338
2025-10-21,432.3999938964844,65002
2025-10-23,433.5,514711
2025-10-24,428.6000061035156,317597
2025-10-27,425.25,799430
2025-10-28,415.2999877929687,298021
2025-10-29,419.3500061035156,223177
2025-10-30,423.2000122070313,371273
2025-10-31,448.3500061035156,1921359
2025-11-03,474.8999938964844,3202056
2025-11-04,465.6000061035156,1033344
2025-11-06,470.4500122070313,686160
2025-11-07,436.5499877929687,985203
2025-11-10,455.5,1669232
2025-11-11,485.4500122070313,3967557
2025-11-12,482.7999877929687,816678
2025-11-13,482.3999938964844,285528
2025-11-14,488.7999877929687,365760
2025-11-17,479.0,437030
2025-11-18,469.8999938964844,295809
2025-11-19,494.25,4694054
2025-11-20,493.0499877929687,675011
2025-11-21,482.9500122070313,465615
2025-11-24,484.3500061035156,517142
2025-11-25,499.2000122070313,3266009
2025-11-26,493.6499938964844,682700
2025-11-27,485.8999938964844,495436
2025-11-28,498.3500061035156,624048
2025-12-01,483.3999938964844,473428
2025-12-02,468.25,450356
2025-12-03,458.1000061035156,372974
2025-12-04,457.6499938964844,267533
2025-12-05,450.8999938964844,268502
2025-12-08,497.3500061035156,24126707
2025-12-09,502.1000061035156,7693278
2025-12-10,474.6000061035156,1834945
2025-12-11,489.0,2347188
2025-12-12,494.9500122070313,754250
2025-12-15,490.25,363864
2025-12-16,484.2999877929687,276798
2025-12-17,485.4500122070313,1004928
2025-12-18,482.3999938964844,299276
2025-12-19,480.2000122070313,281519
2025-12-22,483.7000122070313,237609
2025-12-23,465.75,1260344
2025-12-24,463.75,493374
2025-12-26,460.9500122070313,239682
2025-12-29,460.8999938964844,295534
2025-12-30,460.7000122070313,334965
2025-12-31,458.7000122070313,216704
2026-01-01,455.0499877929687,119252
2026-01-02,459.1000061035156,235326
2026-01-05,457.25,230311
2026-01-06,459.7999877929687,252632
2026-01-07,463.1000061035156,194625
2026-01-08,447.9500122070313,292299
2026-01-09,442.0,226942
2026-01-12,438.8999938964844,247782
2026-01-13,439.4500122070313,145552
2026-01-14,429.7999877929687,392020
2026-01-15,429.7999877929687,0
2026-01-16,434.3999938964844,279192
2026-01-19,421.6000061035156,287435
2026-01-20,403.6499938964844,367745
2026-01-21,398.2000122070313,298934
2026-01-22,405.7999877929687,207135
2026-01-23,391.9500122070313,326068
2026-01-27,397.7999877929687,197880
2026-01-28,402.5499877929687,126027
2026-01-29,398.1000061035156,134216
2026-01-30,407.1000061035156,170204
2026-02-02,457.2000122070313,17269153
2026-02-03,471.0499877929687,2548705
2026-02-04,435.0,1356365
2026-02-05,428.1000061035156,390846
2026-02-06,426.9500122070313,743169
2026-02-09,422.8500061035156,324689
2026-02-10,413.0499877929687,494411
2026-02-11,408.4500122070313,386416
2026-02-12,390.8500061035156,736044
2026-02-13,389.3500061035156,791423
2026-02-16,385.8500061035156,389034
2026-02-17,394.3500061035156,962986
2026-02-18,392.75,270043
2026-02-19,384.6000061035156,318565
2026-02-20,365.2000122070313,837285
2026-02-23,350.3999938964844,701449
2026-02-24,345.20001220703125,611748
2026-02-25,340.1499938964844,493617
2026-02-26,333.6499938964844,527680
2026-02-27,337.20001220703125,669909
2026-03-02,326.75,659491
2026-03-04,315.3999938964844,446226
2026-03-05,312.5,1168475
2026-03-06,304.8500061035156,500093
2026-03-09,303.6499938964844,621870
2026-03-10,304.3999938964844,629762
2026-03-11,299.1499938964844,639626
2026-03-12,295.04998779296875,589409
2026-03-13,280.25,690465
2026-03-16,280.8500061035156,1131230
2026-03-17,275.95001220703125,945209
2026-03-18,286.1000061035156,1643809
2026-03-19,269.3500061035156,724280
2026-03-20,267.3500061035156,762761
2026-03-23,249.6000061035156,1294815
2026-03-24,262.6499938964844,896268
2026-03-25,271.1000061035156,1127246
2026-03-27,260.3999938964844,956752
2026-03-30,251.1499938964844,697125
2026-04-01,261.20001220703125,1153197
2026-04-02,312.1000061035156,64347999
2026-04-06,300.6000061035156,21384168
2026-04-07,293.04998779296875,3689628
2026-04-08,301.1499938964844,2464718
2026-04-09,298.1499938964844,929494
2026-04-10,295.5,844018
2026-04-13,289.04998779296875,630110
2026-04-15,302.54998779296875,1507833
2026-04-16,308.6499938964844,3509340
2026-04-17,310.95001220703125,2142092
2026-04-20,302.95001220703125,600602
2026-04-21,302.95001220703125,420907
2026-04-22,299.3500061035156,779855
2026-04-23,298.54998779296875,488802
2026-04-24,289.1499938964844,627300
2026-04-27,296.3500061035156,432861
2026-04-28,295.5,324669
2026-04-29,294.8999938964844,414981
2026-04-30,292.3500061035156,350520
2026-05-01,292.3500061035156,0
2026-05-04,292.95001220703125,443811
2026-05-05,289.95001220703125,356680
2026-05-06,303.8999938964844,1136694
2026-05-07,310.6000061035156,1328728
2026-05-08,314.75,1636045
2026-05-11,308.8500061035156,881756
2026-05-12,294.3500061035156,614570
2026-05-13,296.6499938964844,320465
2026-05-14,290.29998779296875,1226924
2026-05-15,307.25,6160641
2026-05-18,308.70001220703125,1131560
2026-05-19,325.25,8210162
2026-05-20,317.95001220703125,1330410
2026-05-21,321.25,873338
2026-05-22,326.5,1256394
2026-05-25,322.04998779296875,521673
2026-05-26,315.75,507184
2026-05-27,316.8999938964844,404609
2026-05-28,316.8999938964844,0
2026-05-29,322.54998779296875,1551946
2026-06-01,316.3999938964844,1206332
2026-06-02,325.29998779296875,2919548
2026-06-03,314.04998779296875,809907
2026-06-04,306.1000061035156,662982
2026-06-05,312.6000061035156,1302448
2026-06-08,300.1499938964844,672820
2026-06-09,304.5,489732
2026-06-10,293.3500061035156,446521
2026-06-11,286.0,509530
2026-06-12,301.25,721769
2026-06-15,302.75,349821
2026-06-16,304.8500061035156,274114
2026-06-17,303.75,451169
2026-06-18,309.29998779296875,962684
2026-06-19,299.1499938964844,1383380
2026-06-22,299.3999938964844,502185
2026-06-23,292.5,301982
2026-06-24,296.6499938964844,334541
2026-06-25,297.8999938964844,735112
2026-06-26,297.8999938964844,0
2026-06-29,279.8999938964844,2292046
2026-06-30,270.79998779296875,1388411
2026-07-01,264.25,1789618
2026-07-02,278.95001220703125,3271180
2026-07-03,280.8500061035156,717298
2026-07-06,285.8999938964844,852291
2026-07-07,301.04998779296875,6362179
2026-07-08,292.79998779296875,918222
2026-07-09,300.54998779296875,764156
2026-07-10,301.1499938964844,628199
2026-07-13,303.6000061035156,1413244
2026-07-14,300.25,418070
2026-07-15,299.8999938964844,301309
2026-07-16,305.3500061035156,1191822
2026-07-17,303.8500061035156,2065133
2026-07-20,310.70001220703125,577089
2026-07-21,305.3999938964844,455237
2026-07-22,304.54998779296875,353649
2026-07-23,293.8999938964844,824301
2026-07-24,296.04998779296875,227178
2026-07-27,313.8500061035156,5284442
2026-07-28,312.04998779296875,1438302
2026-07-29,317.6000061035156,1030682
2026-07-30,310.45001220703125,351269
2026-07-31,316.20001220703125,555324
2026-08-03,297.8500061035156,3420336
2026-08-04,298.04998779296875,585801
2026-08-05,295.0,457211
2026-08-06,297.79998779296875,487788
2026-08-07,297.20001220703125,386047
2026-08-10,297.79998779296875,319519
2026-08-11,294.75,223740
2026-08-12,290.04998779296875,423620
2026-08-13,285.25,479126
2026-08-14,285.20001220703125,197641
2026-08-17,285.5,250899
2026-08-18,281.6000061035156,510178
2026-08-19,276.5,1074963
2026-08-20,281.75,452578
2026-08-21,278.1000061035156,257941
2026-08-24,278.5,1040769
2026-08-25,279.3500061035156,233761
2026-08-26,273.70001220703125,390347
2026-08-27,275.25,280800
2026-08-28,279.6000061035156,539539
2026-08-31,269.79998779296875,2244730
2026-09-01,272.54998779296875,441369
2026-09-02,271.0,335930
2026-09-03,266.0,449716
2026-09-04,267.25,351722
2026-09-07,261.70001220703125,522059
2026-09-08,258.04998779296875,358940
2026-09-09,260.1499938964844,484772
2026-09-10,255.8000030517578,288214
2026-09-11,252.4499969482422,335107
2026-09-14,252.4499969482422,0
2026-09-15,252.8999938964844,1164017
2026-09-16,252.1499938964844,2075787
2026-09-17,255.0,292457
2026-09-18,255.3500061035156,254240
2026-09-21,252.4499969482422,364836
2026-09-22,250.5500030517578,306722
2026-09-23,253.3999938964844,235148
2026-09-24,245.3999938964844,335304
2026-09-25,243.75,382848
